City_ID,City,Lat,Lng,Max Temp,Humidity,Cloudiness,Wind Speed,Country,Date
0,puerto natales,-51.7236,-72.4875,275.4,75,0,3.09,CL,1723064385
1,atafu village,-8.5421,-172.5159,301.58,71,79,8.73,TK,1723064417
2,ilulissat,69.2167,-51.1,277.22,85,34,1.74,GL,1723064374
3,georgetown,5.4112,100.3354,300.11,79,20,1.03,MY,1723064517
4,ancud,-41.8697,-73.8203,281.63,75,3,0.5,CL,1723064790
5,utrik,11.2278,169.8474,301.5,76,95,5.73,MH,1723064432
6,onega,63.9061,38.1404,284.79,66,32,2.34,RU,1723064792
7,terme,41.2092,36.9739,297.11,93,10,2.34,TR,1723064794
8,stanley,54.868,-1.6985,287.92,77,0,3.09,GB,1723064410
9,tiksi,71.6872,128.8694,280.29,91,100,1.19,RU,1723064468
10,vadso,70.0744,29.7487,291.64,62,0,2.57,NO,1723064797
11,agua prieta,31.3,-109.5667,305.59,33,0,2.06,MX,1723064524
12,pisco,-13.7,-76.2167,293.18,64,20,6.69,PE,1723064563
13,salinopolis,-0.6136,-47.3561,300.3,79,70,4.89,BR,1723064739
14,amga,60.8953,131.9608,283.36,82,0,1.03,RU,1723064574
15,yellowknife,62.456,-114.3525,295.44,45,40,7.72,CA,1723064288
16,port-aux-francais,-49.35,70.2167,274.23,98,99,12.25,TF,1723064387
17,hawaiian paradise park,19.5933,-154.9731,300.87,76,46,1.79,US,1723064406
18,viedma,-40.8135,-62.9967,279.34,67,100,8.14,AR,1723064806
19,ribeira grande,38.5167,-28.7,299.37,65,20,2.06,PT,1723064382
20,ushuaia,-54.8,-68.3,275.94,69,0,2.06,AR,1723064297
21,kangding,30.0513,101.9603,290.8,94,100,0.86,CN,1723064810
22,undurkhaan,47.3194,110.6556,289.51,84,99,1.96,MN,1723064811
23,adamstown,-25.066,-130.1015,292.02,65,24,3.62,PN,1723064381
24,tralee,52.2704,-9.7026,287.24,94,98,1.93,IE,1723064813
25,dudinka,69.4058,86.1778,281.31,69,0,7.53,RU,1723064475
26,i-n-salah,27.1935,2.4607,309.89,11,0,7.65,DZ,1723064815
27,mudgee,-32.5943,149.5871,277.24,92,0,2.11,AU,1723064816
28,invercargill,-46.4,168.35,280.38,93,67,1.34,NZ,1723064788
29,avarua,-21.2078,-159.775,297.18,57,20,6.69,CK,1723064482
30,vorgashor,67.5833,63.95,279.63,76,9,2.3,RU,1723064413
31,berezovo,63.9381,65.0419,280.51,87,0,1.58,RU,1723064822
32,susuman,62.7833,148.1667,283.61,77,100,0.98,RU,1723064609
33,olonkinbyen,70.9221,-8.7187,279.11,100,100,3.73,SJ,1723064399
34,aykhal,66.0,111.5,285.47,61,89,4.24,RU,1723064826
35,iqaluit,63.7506,-68.5145,284.0,62,40,2.06,CA,1723064328
36,sinop,41.7711,34.8709,289.55,86,41,1.25,TR,1723064828
37,kingsville,27.5159,-97.8561,312.05,41,0,2.68,US,1723064829
38,papatowai,-46.5619,169.4708,280.43,92,100,2.51,NZ,1723064428
39,sitka,57.0531,-135.33,289.09,82,75,2.06,US,1723064551
40,robertsport,6.7533,-11.3686,298.5,79,98,6.18,LR,1723064832
41,kupang,-10.1667,123.5833,298.47,83,21,4.12,ID,1723064834
42,igarka,67.4667,86.5833,281.57,67,2,5.5,RU,1723064835
43,paracatu,-17.2222,-46.8747,297.52,32,18,2.97,BR,1723064837
44,fortuna,40.5982,-124.1573,292.66,72,0,6.17,US,1723064838
45,waitangi,-43.9535,-176.5597,283.61,74,45,6.72,NZ,1723064372
46,lihue,21.9789,-159.3672,301.89,71,4,5.64,US,1723064431
47,margaret river,-33.95,115.0667,286.49,65,36,5.26,AU,1723064465
48,lesosibirsk,58.2358,92.4828,287.44,99,100,1.31,RU,1723064845
49,nema,57.5067,50.5011,287.71,97,89,2.28,RU,1723064846
50,san luis de la loma,17.2706,-100.8939,304.57,64,39,6.1,MX,1723064847
51,holualoa,19.6228,-155.9522,300.85,80,40,4.12,US,1723064762
52,souillac,-20.5167,57.5167,295.36,68,20,2.57,MU,1723064850
53,punta arenas,-53.15,-70.9167,275.21,80,0,3.6,CL,1723064460
54,zakamensk,50.3741,103.2863,283.01,95,72,0.73,RU,1723064852
55,corner brook,48.9667,-57.9484,291.63,55,12,5.83,CA,1723064853
56,hermanus,-34.4187,19.2345,281.93,86,2,3.38,ZA,1723064456
57,puerto ayora,-0.7393,-90.3518,299.13,89,29,3.13,EC,1723064469
58,edinburgh of the seven seas,-37.0676,-12.3116,281.05,66,98,13.49,SH,1723064464
59,la sarre,48.8002,-79.1996,295.52,41,52,1.37,CA,1723064503
60,ust'-ilimsk,58.0006,102.6619,289.17,96,92,2.52,RU,1723064860
61,auki,-8.7676,160.7034,298.23,92,100,1.61,SB,1723064862
62,college,64.8569,-147.8028,296.33,59,75,1.54,US,1723064863
63,tete,-16.1564,33.5867,294.69,54,0,1.62,MZ,1723064864
64,kapuskasing,49.4169,-82.4331,295.2,43,100,3.09,CA,1723064434
65,aflou,34.1128,2.1023,299.92,29,100,5.39,DZ,1723064867
66,rikaze,29.25,88.8833,287.64,51,100,1.83,CN,1723064715
67,crane,31.3974,-102.3501,310.63,18,0,0.45,US,1723064462
68,uturoa,-16.7333,-151.4333,299.25,79,9,5.39,PF,1723064409
69,grytviken,-54.2811,-36.5092,266.53,72,31,4.93,GS,1723064429
70,praia da vitoria,38.7333,-27.0667,297.29,73,20,2.4,PT,1723064435
71,ust'-kut,56.7938,105.7672,288.4,96,96,2.18,RU,1723064873
72,yangjiang,21.85,111.9667,299.91,87,41,1.84,CN,1723064874
73,dushanbe,38.5577,68.7797,295.05,53,0,2.0,TJ,1723064876
74,ceres,37.5949,-120.9577,313.02,20,0,4.63,US,1723064877
75,bandarbeyla,9.4942,50.8122,298.3,86,52,13.87,SO,1723064731
76,port alfred,-33.5906,26.891,291.36,36,7,4.49,ZA,1723064371
77,leiyang,26.4024,112.8591,300.45,76,6,2.2,CN,1723064880
78,veraval,20.9,70.3667,300.66,84,99,7.99,IN,1723064881
79,bilibino,68.0546,166.4372,281.84,55,0,1.66,RU,1723064384
80,bethel,41.3712,-73.414,292.79,86,100,3.09,US,1723064558
81,roswell,34.0232,-84.3616,309.07,51,20,4.63,US,1723064793
82,carnarvon,-24.8667,113.6333,290.94,78,0,4.6,AU,1723064396
83,lorengau,-2.0226,147.2712,300.99,80,41,4.43,PG,1723064525
84,lompoc,34.6391,-120.4579,302.36,63,0,6.69,US,1723064888
85,chos malal,-37.3781,-70.2709,277.74,58,91,2.12,AR,1723064889
86,flying fish cove,-10.4217,105.6791,297.97,83,100,5.14,CX,1723064834
87,sidi akkacha,36.4647,1.3026,298.3,60,7,1.44,DZ,1723064891
88,isafjordur,66.0755,-23.124,279.27,92,88,1.66,IS,1723064663
89,cabo san lucas,22.8909,-109.9124,307.76,63,20,8.75,MX,1723064259
90,tolanaro,-25.0319,46.9987,295.19,73,75,7.2,MG,1723064415
91,vepagunta,17.7784,83.2158,299.57,82,100,1.47,IN,1723064896
92,petropavlovsk-kamchatsky,53.0452,158.6483,290.48,77,20,1.0,RU,1723064897
93,virac,13.6333,124.2167,296.58,88,54,4.01,PH,1723064898
94,wailua homesteads,22.0669,-159.378,301.59,67,20,5.66,US,1723064604
95,alotau,-10.3069,150.4462,296.32,96,97,1.42,PG,1723064741
96,mirpur sakro,24.5474,67.6277,301.2,74,100,6.61,PK,1723064902
97,puerto deseado,-47.7503,-65.8938,278.58,69,6,6.73,AR,1723064903
98,bredasdorp,-34.5322,20.0403,282.4,95,2,1.28,ZA,1723064439
99,at taj,24.2049,23.2857,305.65,18,3,6.32,LY,1723064905
100,port mathurin,-19.6833,63.4167,295.4,75,9,5.01,MU,1723064471
101,baihe,22.15,107.2333,299.64,86,0,2.44,CN,1723064907
102,zhezqazghan,47.7833,67.7667,300.35,32,39,3.11,KZ,1723064908
103,arraial do cabo,-22.9661,-42.0278,299.13,69,0,6.17,BR,1723064755
104,namtsy,62.7161,129.6658,282.73,85,8,2.41,RU,1723064450
105,luderitz,-26.6481,15.1594,284.9,81,80,3.02,NA,1723064912
106,west island,-12.1568,96.8225,299.14,73,20,4.63,CC,1723064579
107,nyurba,63.2842,118.3319,282.97,84,63,1.7,RU,1723064729
108,ylitornio,66.3089,23.6773,285.78,70,2,1.39,FI,1723064915
109,bereeda,11.8704,51.0579,302.92,68,10,1.68,SO,1723064917
110,yenotayevka,47.2456,47.0281,299.39,47,95,1.62,RU,1723064919
111,barentu,15.1139,37.5928,295.24,85,87,1.06,ER,1723064920
112,lebu,-37.6167,-73.65,281.92,74,0,5.82,CL,1723064422
113,ad dilam,23.9915,47.1627,307.38,9,99,3.64,SA,1723064922
114,haiku-pauwela,20.9219,-156.3051,302.13,66,15,6.71,US,1723064543
115,albany,42.6001,-73.9662,298.17,67,45,0.45,US,1723064393
116,lubang,13.8584,120.124,302.06,77,24,8.0,PH,1723064781
117,khorinsk,52.1657,109.7726,286.63,90,19,0.61,RU,1723064926
118,blackmans bay,-43.0167,147.3167,281.33,80,100,3.79,AU,1723064446
119,kudahuvadhoo,2.6708,72.8944,300.46,78,100,6.13,MV,1723064929
120,badger,64.8,-147.5333,296.29,54,75,1.54,US,1723064930
121,pauini,-7.7136,-66.9764,308.67,31,86,0.9,BR,1723064741
122,port saint john's,-31.6229,29.5448,291.73,63,95,2.66,ZA,1723064932
123,lazaro cardenas,17.9583,-102.2,304.29,65,22,6.66,MX,1723064643
124,la ronge,55.1001,-105.2842,289.29,48,75,3.6,CA,1723064479
125,launceston,-41.45,147.1667,283.89,93,40,4.63,AU,1723064936
126,hamilton,39.1834,-84.5333,303.7,66,48,2.24,US,1723064406
127,golmarmara,38.7139,27.9142,293.71,60,0,1.39,TR,1723064938
128,bollnas,61.3482,16.3946,288.35,96,100,1.31,SE,1723064939
129,jamestown,42.097,-79.2353,297.35,64,75,3.6,US,1723064545
130,udachny,66.4167,112.4,285.76,59,84,4.31,RU,1723064941
131,thompson,55.7435,-97.8558,291.94,38,100,5.23,CA,1723064943
132,prado,-17.3411,-39.2208,295.42,74,0,3.34,BR,1723064778
133,birobidzhan,48.8,132.95,292.27,97,0,1.0,RU,1723064945
134,vrangel',42.7297,133.0839,294.26,93,100,2.23,RU,1723064946
135,san felice circeo,41.2372,13.0942,300.0,81,1,6.46,IT,1723064947
136,chamical,-30.36,-66.314,287.8,28,82,4.99,AR,1723064948
137,hilo,19.7297,-155.09,301.53,75,20,4.63,US,1723064950
138,broome,42.2506,-75.833,295.7,76,100,4.12,US,1723064951
139,minas de marcona,-15.2119,-75.1103,284.23,86,84,9.14,PE,1723064492
140,mazagao,-0.115,-51.2894,305.18,71,69,1.9,BR,1723064684
141,nemuro,43.3236,145.575,290.64,100,100,4.07,JP,1723064618
142,dunedin,-45.8742,170.5036,282.48,77,100,4.72,NZ,1723064959
143,nova sintra,14.8667,-24.7167,298.77,84,89,6.06,CV,1723064506
144,hithadhoo,-0.6,73.0833,301.77,71,100,2.54,MV,1723064962
145,tazovsky,67.4667,78.7,281.34,78,100,5.79,RU,1723064963
146,midvagur,62.0511,-7.1939,283.61,100,75,1.03,FO,1723064964
147,cururupu,-1.8283,-44.8683,299.02,76,15,1.89,BR,1723064965
148,yongfeng,27.4283,112.1834,299.91,77,29,1.9,CN,1723064966
149,longyearbyen,78.2186,15.6401,284.06,93,75,1.03,SJ,1723064390
150,qulsary,46.9531,54.0198,301.16,44,96,4.64,KZ,1723064969
151,weno,7.4515,151.8468,302.12,79,40,1.54,FM,1723064599
152,kavaratti,10.5669,72.642,300.49,83,100,6.3,IN,1723064971
153,sabang,5.8933,95.3214,302.26,75,100,4.62,ID,1723064973
154,khlevnoye,52.1951,39.0932,290.16,90,89,2.05,RU,1723064974
155,acapulco de juarez,16.8634,-99.8901,305.05,62,75,6.17,MX,1723064915
156,tofol,5.3248,163.0078,301.75,71,85,3.18,FM,1723064977
157,port elizabeth,-33.918,25.5701,286.1,53,0,1.54,ZA,1723064532
158,murun-kuren,49.6342,100.1625,286.82,72,100,0.53,MN,1723064979
159,awjilah,29.1081,21.2869,306.53,22,0,2.99,LY,1723064980
160,holyhead,53.3062,-4.6321,289.15,88,100,8.75,GB,1723064981
161,buerarema,-14.9594,-39.2997,292.58,92,50,1.21,BR,1723064982
162,kamina,-8.7386,24.9906,291.96,21,75,1.86,CD,1723064984
163,grand baie,-20.0182,57.5802,292.84,82,0,0.89,MU,1723064844
164,mount pearl,47.5166,-52.7813,293.4,69,100,8.23,CA,1723064986
165,eirunepe,-6.6603,-69.8736,303.65,57,99,1.79,BR,1723064987
166,yuanping,38.7153,112.7575,290.71,93,0,0.2,CN,1723064988
167,peterhead,57.5058,-1.7981,288.4,72,3,6.85,GB,1723064989
168,whakatane,-37.9585,176.9854,283.58,87,100,2.18,NZ,1723064990
169,gilgit,35.9221,74.3087,298.68,53,8,1.75,PK,1723064992
170,ceylanpinar,36.8472,40.05,306.52,29,0,3.12,TR,1723064993
171,dongobesh,-4.0667,35.3833,286.18,62,10,3.22,TZ,1723064994
172,el abiodh sidi cheikh,32.893,0.5484,306.23,15,0,3.32,DZ,1723064995
173,whitehorse,60.7161,-135.0538,298.16,33,0,7.2,CA,1723064390
174,iskateley,67.6803,53.1512,278.66,90,9,3.08,RU,1723064569
175,askoy,60.4092,5.226,288.57,100,75,8.23,NO,1723064999
176,klyuchi,52.2667,79.1667,292.02,86,100,2.98,RU,1723064596
177,birao,10.2849,22.7882,295.81,94,100,1.36,CF,1723064988
178,kodiak,57.79,-152.4072,286.49,84,100,2.42,US,1723064557
179,saipan,15.1355,145.701,302.09,69,92,1.76,MP,1723064544
180,nadi,-17.8,177.4167,296.15,60,20,3.6,FJ,1723065004
181,carbonear,47.7332,-53.2148,294.12,73,100,5.35,CA,1723065005
182,santo andre,-23.6639,-46.5383,299.33,34,0,3.6,BR,1723065008
183,lerwick,60.1545,-1.1494,286.15,81,22,9.28,GB,1723065009
184,akureyri,65.6835,-18.0878,283.9,85,100,2.45,IS,1723064953
185,panacan,9.2463,118.4082,300.61,84,100,3.04,PH,1723065011
186,nagqu,31.5,92.0,279.37,79,100,1.82,CN,1723065012
187,spring creek,40.7266,-115.5859,306.93,10,0,3.58,US,1723064939
188,virginia beach,36.8529,-75.978,298.72,96,100,3.6,US,1723064762
189,smithers,54.7804,-127.1743,302.84,25,1,0.88,CA,1723064892
190,semera,11.501,41.201,303.85,51,88,1.59,ET,1723065017
191,gadebusch,53.7,11.1167,291.67,98,100,3.47,DE,1723065018
192,tafuna,-14.3358,-170.72,298.03,76,99,9.01,AS,1723064776
193,berdigestyakh,62.0989,126.6992,281.87,84,2,1.1,RU,1723065020
194,la passe,45.5549,-0.8967,293.28,66,99,4.61,FR,1723065021
195,veracruz,19.3333,-96.6667,302.34,64,95,2.97,MX,1723064455
196,kandahar,31.0,65.75,301.46,14,3,4.75,AF,1723065024
197,terrace,54.5163,-128.6035,301.05,40,1,0.43,CA,1723065025
198,daru,-9.0763,143.2092,297.59,85,97,6.45,PG,1723064907
199,trinidad,-14.8333,-64.9,306.98,35,28,3.71,BO,1723064890
200,chibougamau,49.9168,-74.3659,290.94,59,100,2.57,CA,1723064809
201,aasiaat,68.7098,-52.8699,277.62,92,81,3.71,GL,1723064626
202,tura,25.5198,90.2201,297.31,97,100,3.25,IN,1723064618
203,conduaga,8.862,117.4893,299.03,86,100,2.01,PH,1723065031
204,yuzhno-kurilsk,44.0306,145.8556,290.67,100,100,3.63,RU,1723064860
205,champerico,14.3,-91.9167,307.45,71,100,2.89,GT,1723065034
206,sayat,38.7839,63.8803,302.86,14,0,5.09,TM,1723065035
207,livingstonia,-10.606,34.1063,289.06,49,45,1.56,MW,1723065036
208,mejit,10.2753,170.8646,300.79,78,100,4.17,MH,1723065037
209,portland,45.5234,-122.6762,303.44,48,0,0.89,US,1723064482
210,the pas,53.8251,-101.2541,286.16,62,100,5.66,CA,1723065039
211,mili,6.0815,171.735,299.83,76,100,4.25,MH,1723065040
212,kapa'a,22.0752,-159.319,301.75,65,3,2.24,US,1723064496
213,hadibu,12.65,54.0333,299.08,81,37,9.31,YE,1723064416
214,xining,36.6167,101.7667,290.46,61,100,0.59,CN,1723064607
215,constantia,44.1833,28.65,291.53,70,3,2.26,RO,1723064526
216,kayangel,8.0823,134.7173,301.43,78,94,4.53,PW,1723065046
217,zhenzhou,32.2692,119.1789,301.98,89,5,1.8,CN,1723065047
218,qaryat suluq,31.6682,20.2521,302.41,43,0,5.37,LY,1723065048
219,lata,40.1629,-8.3327,288.1,92,0,1.17,PT,1723064505
220,sarankhola,22.3082,89.7897,299.0,94,89,1.73,BD,1723065051
221,talnakh,69.4865,88.3972,282.13,73,0,3.73,RU,1723064535
222,banda aceh,5.5577,95.3222,299.68,83,100,3.78,ID,1723065022
223,diamantina,-18.2494,-43.6003,289.15,73,53,2.99,BR,1723065054
224,takoradi,4.8845,-1.7554,296.28,89,100,4.17,GH,1723065056
225,camana,-16.6228,-72.7111,289.0,84,100,5.35,PE,1723065058
226,manokwari,-0.8667,134.0833,298.78,77,99,1.6,ID,1723064982
227,khorixas,-20.3667,14.9667,290.03,44,3,1.21,NA,1723065060
228,horta,38.5333,-28.6333,295.38,79,29,2.24,PT,1723065061
229,barra de santo antonio,-9.4047,-35.5072,296.75,74,39,4.06,BR,1723065062
230,castillos,-34.1667,-53.8333,285.22,67,87,3.27,UY,1723065063
231,bich'vinta,43.1592,40.3378,294.25,67,44,2.44,GE,1723065064
232,campo largo,-25.4586,-49.5283,296.81,50,95,2.05,BR,1723065065
233,suciu de sus,47.4333,24.0333,290.59,73,74,1.52,RO,1723065067
234,reggane,26.7158,0.1714,311.32,10,0,5.05,DZ,1723065069
235,broken hill,-31.95,141.4333,281.59,74,100,4.54,AU,1723065070
236,maceio,-9.6658,-35.7353,296.84,78,0,2.06,BR,1723064818
237,port douglas,-16.4833,145.4667,293.94,88,69,3.53,AU,1723065072
238,barcelos,41.5388,-8.6151,294.64,85,0,0.7,PT,1723065073
239,hobyo,5.3505,48.5268,297.49,88,100,10.81,SO,1723064771
240,behompy,-23.2496,43.8557,293.65,74,0,3.83,MG,1723064839
241,bakanas,44.8081,76.2772,299.24,27,5,4.09,KZ,1723065077
242,malango,-2.9627,119.9001,290.67,99,71,1.03,ID,1723065078
243,kharp,66.8014,65.8081,280.66,84,4,0.72,RU,1723065079
244,vilyuysk,63.7553,121.6247,281.23,89,11,0.75,RU,1723065080
245,la'ie,21.6477,-157.9253,304.13,72,4,3.58,US,1723064943
246,beipiao,41.7919,120.7792,295.47,95,2,0.18,CN,1723065082
247,st. john's,47.5649,-52.7093,293.86,68,100,8.23,CA,1723065084
248,lospalos,-8.5186,127.0025,292.45,94,4,2.43,TL,1723065085
249,bairnsdale,-37.8333,147.6167,278.18,90,86,2.11,AU,1723065086
250,mcalester,34.9334,-95.7697,311.2,32,0,2.06,US,1723065018
251,paraty,-23.2178,-44.7131,298.08,44,0,1.43,BR,1723065089
252,ta`u,-14.2336,-169.5144,298.07,77,93,10.31,AS,1723064875
253,lubango,-14.9172,13.4925,290.21,37,0,2.28,AO,1723065092
254,kralendijk,12.15,-68.2667,304.14,70,75,5.66,BQ,1723065093
255,sosnovo-ozerskoye,52.5249,111.5418,285.63,91,100,0.7,RU,1723065094
256,san antonio de pale,-1.4014,5.6325,296.15,82,100,4.54,GQ,1723064887
257,negombo,7.2083,79.8358,301.18,89,40,3.6,LK,1723064845
258,tarfaya,27.9358,-12.9218,294.26,89,0,7.3,MA,1723065100
259,labrador city,52.9463,-66.9114,285.1,66,75,6.17,CA,1723064697
260,waddan,29.1614,16.139,307.67,16,17,4.45,LY,1723065102
261,colonia,50.9333,6.95,293.05,79,67,1.71,DE,1723065103
262,nuuk,64.1835,-51.7216,283.49,76,20,3.09,GL,1723064841
263,at taraf,25.3628,49.725,306.45,27,100,1.21,SA,1723065107
264,campbellton,48.0075,-66.6727,292.79,39,12,5.14,CA,1723065108
265,kerikeri,-35.2268,173.9474,284.21,95,71,2.46,NZ,1723065109
266,iranshahr,27.2025,60.6848,304.97,54,37,3.31,IR,1723065110
267,tshabong,-26.05,22.45,291.28,20,2,3.91,BW,1723065111
268,port moresby,-9.4431,147.1797,296.83,87,64,3.95,PG,1723065112
269,karratha,-20.7377,116.8463,293.35,39,4,4.19,AU,1723064647
270,nantucket,41.2835,-70.0995,292.6,77,100,5.66,US,1723064930
271,bima,-8.4667,118.7167,295.69,97,4,1.45,ID,1723065116
272,mancio lima,-7.6142,-72.8958,305.24,46,87,0.92,BR,1723065118
273,qaqortoq,60.7167,-46.0333,281.4,93,100,1.06,GL,1723065119
274,luwuk,-0.9516,122.7875,295.04,95,100,1.92,ID,1723065120
275,kone,-21.0595,164.8658,292.75,74,100,3.6,NC,1723065121
276,okhotsk,59.3833,143.3,286.97,85,3,0.93,RU,1723065122
277,magong,23.5654,119.5863,301.74,78,99,2.81,TW,1723065124
278,sumbawanga,-7.9667,31.6167,288.65,34,5,1.88,TZ,1723065125
279,turpan,42.9333,89.1667,296.93,65,98,4.26,CN,1723065126
280,mata-utu,-13.2816,-176.1745,299.05,67,25,9.74,WF,1723065127
281,villa de reyes,21.8,-100.9333,302.7,30,32,6.16,MX,1723065129
282,huayin,34.5675,110.0921,299.79,85,87,1.78,CN,1723064888
283,torghay,49.6339,63.4981,295.94,65,35,1.97,KZ,1723065131
284,oum hadjer,13.2954,19.6966,300.27,71,100,2.19,TD,1723065133
285,ola,59.5833,151.2833,285.57,86,47,1.99,RU,1723064947
286,ponto novo,-10.8628,-40.1336,300.01,45,26,6.59,BR,1723065135
287,nadym,65.5333,72.5167,278.59,90,11,4.35,RU,1723065136
288,saldanha,-33.0117,17.9442,285.37,90,2,3.72,ZA,1723065137
289,laguna,38.421,-121.4238,314.44,12,0,3.6,US,1723064699
290,greymouth,-42.4667,171.2,282.07,84,92,6.51,NZ,1723065140
291,papao,-17.75,-149.55,300.97,78,0,7.28,PF,1723065141
292,fort bragg,35.139,-79.006,299.51,94,100,6.69,US,1723065142
293,fort william,56.8165,-5.1121,285.54,95,84,3.95,GB,1723065067
294,custodia,-8.0875,-37.6431,297.42,47,5,5.65,BR,1723065144
295,saint-philippe,-21.3585,55.7679,292.92,76,0,2.12,RE,1723065145
296,anadyr,64.75,177.4833,282.43,70,20,3.0,RU,1723065147
297,pathein,16.7833,94.7333,298.6,90,97,2.19,MM,1723064962
298,selfoss,63.9331,-20.9971,288.73,86,79,2.99,IS,1723065149
299,eilat,29.5581,34.9482,307.06,31,0,4.63,IL,1723065150
300,palmer,42.1584,-72.3287,295.38,67,45,2.24,US,1723064798
301,vredendal,-31.6683,18.5012,283.52,93,0,0.84,ZA,1723065152
302,santa fe de antioquia,6.5569,-75.8281,301.28,71,100,0.59,CO,1723064955
303,chonchi,-42.6128,-73.8092,283.77,85,35,0.55,CL,1723065155
304,tabina,7.4669,123.4081,299.86,84,100,1.68,PH,1723065156
305,masterton,-40.9597,175.6575,283.76,73,100,3.55,NZ,1723065157
306,lib,8.3122,167.3766,299.99,79,100,4.83,MH,1723065158
307,mabaruma,8.2,-59.7833,301.4,77,74,1.83,GY,1723065159
308,lensk,60.7253,114.9278,286.28,75,20,1.88,RU,1723064922
309,namibe,-15.1961,12.1522,289.27,84,41,4.61,AO,1723065161
310,alasehir,38.3508,28.5172,295.67,52,0,2.17,TR,1723065162
311,gebeit,21.0667,36.3167,301.0,59,100,2.54,SD,1723065164
312,vorkuta,67.5,64.0,279.91,75,9,2.38,RU,1723065165
313,jinchang,38.4953,102.1739,294.91,71,99,1.61,CN,1723065166
314,argostolion,38.1811,20.489,302.45,35,0,0.0,GR,1723065167
315,velur,12.9333,79.1333,298.9,81,100,2.42,IN,1723065168
316,bogatyye saby,56.0102,50.4483,288.62,91,63,1.37,RU,1723065169
317,touros,-5.1989,-35.4608,297.73,78,5,6.72,BR,1723064904
318,bridport,50.7338,-2.7583,290.92,79,100,3.97,GB,1723065172
319,ishigaki,24.3448,124.1572,302.01,81,100,1.84,JP,1723065173
320,rongelap,11.1635,166.8941,301.52,76,92,5.85,MH,1723064777
321,san-pedro,4.7485,-6.6363,296.71,81,96,3.83,CI,1723065175
322,marquette,46.5333,-87.6335,296.94,43,100,1.79,US,1723065177
323,sinabang,2.4803,96.3801,299.66,82,100,1.27,ID,1723064675
324,san patricio,28.017,-97.5169,310.12,34,5,4.36,US,1723065179
325,vernon,50.2581,-119.2691,304.12,24,2,0.89,CA,1723064997
326,pechora,65.1472,57.2244,282.9,76,8,2.36,RU,1723065182
327,puerto san jose,13.9256,-90.8244,303.73,73,84,4.45,GT,1723064919
328,yakeshi,49.2833,120.7333,285.94,89,2,1.55,CN,1723065185
329,sassandra,4.95,-6.0833,296.27,84,100,3.31,CI,1723065186
330,richards bay,-28.783,32.0377,292.44,72,26,7.25,ZA,1723065187
331,coari,-4.085,-63.1414,309.04,30,12,0.12,BR,1723065188
332,codrington,-38.2667,141.9667,284.37,59,100,8.72,AU,1723064648
333,newman,37.3138,-121.0208,314.28,7,1,3.48,US,1723064664
334,peniche,39.3558,-9.3811,293.31,90,1,8.2,PT,1723064722
335,volosovo,59.4333,29.4833,285.88,95,0,2.34,RU,1723065193
336,nicoya,10.1483,-85.452,297.22,96,100,1.81,CR,1723065194
337,port hedland,-20.3167,118.5667,289.18,77,31,3.6,AU,1723064851
338,chui,-33.6971,-53.4616,286.15,72,100,4.78,UY,1723065197
339,esquel,-42.9,-71.3167,277.8,70,74,1.54,AR,1723064913
340,jiuquan,39.7432,98.5174,298.94,24,100,9.94,CN,1723065199
341,hasaki,35.7333,140.8333,299.42,90,100,1.27,JP,1723065200
342,port-gentil,-0.7193,8.7815,297.13,83,20,2.57,GA,1723065201
343,bardai,11.65,7.2333,295.01,95,79,2.61,NG,1723064879
344,ulaangom,49.9811,92.0667,289.43,52,10,1.14,MN,1723065204
345,christchurch,-43.5333,172.6333,283.68,76,100,3.6,NZ,1723064737
346,san juan,-31.5375,-68.5364,283.87,29,95,6.81,AR,1723064420
347,alice springs,-23.7,133.8833,282.9,62,0,2.57,AU,1723065208
348,mana,5.6592,-53.7767,300.36,81,42,4.35,GF,1723065210
349,tsiombe,-25.3,45.4833,293.31,78,73,6.67,MG,1723065211
350,afaahiti,-17.75,-149.2833,300.08,83,33,7.61,PF,1723065212
351,alo,6.5486,4.2686,297.91,84,91,4.12,NG,1723065007
352,uttar char fasson,22.2332,90.7132,300.5,86,100,7.72,BD,1723065214
353,colon,9.3592,-79.9014,298.12,86,100,3.13,PA,1723065215
354,strugi-krasnyye,58.2675,29.1114,286.67,96,4,2.05,RU,1723065217
355,bokoro,12.3807,17.0568,298.56,82,100,3.93,TD,1723065218
356,walvis bay,-22.9575,14.5053,284.87,87,0,1.86,NA,1723065080
357,barahan,13.0121,120.762,300.15,81,11,1.53,PH,1723065220
358,boden,65.8252,21.6886,288.15,79,0,1.13,SE,1723065221
359,keflavik,64.0049,-22.5624,286.1,87,0,5.14,IS,1723064706
360,willowmore,-33.2926,23.4895,284.53,33,0,1.11,ZA,1723065223
361,belabo,4.9333,13.3,293.94,96,100,2.2,CM,1723065225
362,badagara,11.6,75.5833,297.99,91,100,5.27,IN,1723065226
363,talcahuano,-36.7167,-73.1167,283.97,62,0,4.12,CL,1723065227
364,sisimiut,66.9395,-53.6735,280.85,82,64,5.99,GL,1723065104
365,huruta,8.15,39.35,288.95,86,89,1.66,ET,1723065229
366,ende,-8.8432,121.6623,294.63,92,83,0.38,ID,1723065230
367,tres arroyos,-38.3739,-60.2798,279.13,93,100,8.9,AR,1723065232
368,ochsenfurt,49.6643,10.0623,291.95,94,0,2.34,DE,1723065233
369,howard springs,-12.497,131.047,292.58,97,5,2.46,AU,1723065070
370,fortaleza,-3.7227,-38.5247,300.22,78,20,6.69,BR,1723064442
371,priargunsk,50.3691,119.1012,286.71,87,0,1.44,RU,1723065236
372,kenora,49.8167,-94.4337,292.47,77,100,4.02,CA,1723064951
373,al kharijah,25.4514,30.5464,306.77,19,51,3.92,EG,1723065238
374,okha,53.5739,142.9478,286.44,86,97,3.17,RU,1723065239
375,katsuren-haebaru,26.3369,127.8719,302.16,95,0,3.09,JP,1723065176
376,zhangjiakou,40.81,114.8794,293.82,80,73,0.38,CN,1723065242
377,hammerfest,70.6634,23.6821,294.4,40,7,2.57,NO,1723064960
378,cacoal,-11.4386,-61.4472,309.12,24,23,2.46,BR,1723065076
379,estevan,49.1334,-102.9842,293.34,39,0,6.17,CA,1723065246
380,mount gambier,-37.8333,140.7667,283.8,58,100,5.67,AU,1723065247
381,khandyga,62.6667,135.6,283.08,92,8,1.03,RU,1723065249
382,northam,51.0333,-4.2167,289.48,90,100,5.56,GB,1723065250
383,sechura,-5.5569,-80.8222,296.44,57,12,8.98,PE,1723065251
384,ilhabela,-23.7781,-45.3581,295.95,63,12,2.44,BR,1723065252
385,marco island,25.9363,-81.7157,305.95,73,0,6.06,US,1723065042
386,geraldton,-28.7667,114.6,286.38,94,100,4.12,AU,1723065255
387,palikir - national government center,6.9248,158.1611,300.56,83,20,1.54,FM,1723065257
388,rabo de peixe,37.8,-25.5833,295.88,83,40,5.14,PT,1723065258
389,kijang,35.2442,129.2139,298.42,87,38,1.54,KR,1723065259
390,luganville,-15.5333,167.1667,296.7,73,91,6.14,VU,1723065260
391,athens,37.9795,23.7162,303.25,45,75,2.68,GR,1723065261
392,cabras,39.93,8.5314,296.26,90,2,0.87,IT,1723065262
393,manavalakurichi,8.1333,77.3,298.75,86,100,6.27,IN,1723065263
394,puerto baquerizo moreno,-0.9,-89.6,293.7,88,75,7.2,EC,1723065265
395,fisterra,42.9049,-9.2629,293.16,82,2,10.32,ES,1723065266
396,grado,43.388,-6.0743,293.6,94,75,2.06,ES,1723065267
397,penzance,50.1186,-5.5371,289.53,80,100,5.1,GB,1723065268
398,salym,60.0625,71.4789,282.94,73,98,2.07,RU,1723065269
399,yeraliyev,43.2,51.65,301.99,45,23,9.94,KZ,1723064813
400,volgorechensk,57.4393,41.1555,287.79,95,99,2.37,RU,1723065271
401,toliara,-23.35,43.6667,294.89,71,0,5.11,MG,1723065273
402,port lincoln,-34.7333,135.8667,287.01,55,100,9.51,AU,1723065275
403,solnechnyy,50.7214,136.6319,291.74,99,100,1.76,RU,1723065276
404,mount isa,-20.7333,139.5,278.02,75,0,0.0,AU,1723065277
405,bonthe,7.5264,-12.505,298.31,82,100,4.52,SL,1723065278
406,pagar alam,-4.0167,103.2667,293.17,89,100,0.8,ID,1723065279
407,tyumentsevo,53.3224,81.498,289.94,94,100,2.46,RU,1723065281
408,nishon tumani,38.694,65.6751,300.29,34,0,1.03,UZ,1723065282
409,antsiranana,-12.2787,49.2917,294.92,66,0,7.84,MG,1723065283
410,oranjemund,-28.55,16.4333,285.11,84,0,2.84,NA,1723064950
411,malvan,16.0667,73.4667,299.17,85,100,4.42,IN,1723065286
412,kasimov,54.9411,41.3953,288.7,89,63,1.53,RU,1723065287
413,poso,-1.3959,120.7524,297.76,78,99,2.8,ID,1723065288
414,kemijarvi,66.7131,27.4306,285.53,67,6,1.92,FI,1723065289
415,sao jose da coroa grande,-8.8978,-35.1478,297.85,66,89,4.68,BR,1723065290
416,trenggalek,-8.05,111.7167,296.04,95,100,1.7,ID,1723065291
417,tuntum,-5.2581,-44.6489,304.62,27,16,2.22,BR,1723065292
418,maumere,-8.6199,122.2111,296.8,77,57,1.1,ID,1723065293
419,alesund,62.4723,6.1549,288.33,94,75,3.09,NO,1723064871
420,santa ana,33.7456,-117.8678,307.77,53,20,7.2,US,1723065068
421,dadiya,9.6167,11.4333,296.13,88,60,2.03,NG,1723065297
422,tshikapa,-6.4167,20.8,298.88,19,85,0.65,CD,1723065298
423,luoyang,34.6836,112.4536,296.82,97,99,4.5,CN,1723065299
424,cole harbour,44.6724,-63.4751,295.81,69,40,5.66,CA,1723065300
425,katsuura,35.1333,140.3,299.16,91,80,0.7,JP,1723065301
426,belaya kholunitsa,58.84,50.8528,288.18,98,98,2.68,RU,1723064931
427,arawa,-6.2132,155.5367,299.22,80,85,1.21,PG,1723065304
428,utete,-7.986,38.758,294.96,84,7,2.2,TZ,1723065305
429,enewetak,11.3474,162.3373,301.87,74,39,5.31,MH,1723065306
430,cidreira,-30.1811,-50.2056,289.0,96,100,4.36,BR,1723065307
431,zaozersk,69.4005,32.4476,285.76,70,5,0.64,RU,1723065308
432,happy valley-goose bay,53.3168,-60.3315,286.48,72,100,3.97,CA,1723065208
433,luanda,-8.8368,13.2343,293.52,86,72,4.02,AO,1723065290
434,kirensk,57.7853,108.1119,287.42,97,24,1.97,RU,1723065311
435,dakhla,23.6848,-15.958,295.16,78,4,10.8,EH,1723065313
436,kzyltu,53.6364,72.3414,289.25,94,100,2.85,KZ,1723065314
437,fuyu,45.1833,124.8167,294.36,98,9,2.78,CN,1723065315
438,victorica,-36.2151,-65.4359,276.03,95,100,11.37,AR,1723065316
439,vanino,49.0869,140.2543,290.55,100,100,1.1,RU,1723065317
440,polonnaruwa,7.9333,81.0,298.36,81,75,2.8,LK,1723065318
441,gao,16.6362,1.637,303.26,58,99,8.69,ML,1723065087
442,campbell river,50.0163,-125.2446,297.37,57,20,3.09,CA,1723065320
443,labuan,5.2767,115.2417,300.01,82,99,2.31,MY,1723065322
444,sakakah,29.9697,40.2064,301.91,13,0,2.62,SA,1723065323
445,west lafayette,40.4259,-86.9081,299.38,69,100,4.12,US,1723065324
446,talara,-4.5772,-81.2719,295.57,68,0,7.72,PE,1723065325
447,laascaanood,8.4774,47.3597,299.55,53,6,12.67,SO,1723065326
448,nurabad,34.0734,47.9725,297.33,22,0,1.14,IR,1723065327
449,sao vicente,-23.9631,-46.3919,304.41,65,5,2.41,BR,1723064952
450,warrnambool,-38.3833,142.4833,284.23,64,100,7.27,AU,1723065330
451,neftegorsk,52.802,51.166,291.46,77,60,2.32,RU,1723065331
452,amursk,50.2261,136.8994,292.24,99,100,2.04,RU,1723065332
453,ust'-kulom,61.6864,53.6902,281.85,94,42,2.16,RU,1723065333
454,vilyuchinsk,52.9306,158.4028,291.3,85,44,3.67,RU,1723064811
455,iquitos,-3.7481,-73.2472,305.17,58,40,3.09,PE,1723065335
456,yoro,15.1333,-87.1333,301.85,61,100,2.35,HN,1723065337
457,fuglafjordur,62.244,-6.814,283.41,93,77,3.49,FO,1723065338
458,palu,-0.8917,119.8707,296.79,98,100,1.87,ID,1723065339
459,dubbo,-32.25,148.6167,278.22,93,0,5.66,AU,1723065340
460,mananjary,-21.2167,48.3333,293.19,85,16,0.84,MG,1723065342
461,north vernon,39.0062,-85.6236,302.46,61,77,5.13,US,1723065343
462,kencong,-8.2833,113.3667,294.83,92,0,1.38,ID,1723065345
463,tyukhtet,56.5389,89.3011,286.92,97,25,1.79,RU,1723065346
464,timimoun,29.2639,0.231,311.36,11,0,5.14,DZ,1723065347
465,kas,36.2018,29.6377,301.43,67,0,1.37,TR,1723065348
466,jaru,-10.4389,-62.4664,308.72,24,15,1.64,BR,1723065304
467,templin,53.1186,13.5022,294.34,94,100,2.27,DE,1723065350
468,los frentones,-26.4077,-61.4137,290.85,40,1,4.24,AR,1723065351
469,garissa,-0.4536,39.6401,297.92,66,98,8.53,KE,1723065352
470,baneh,35.9975,45.8853,293.74,27,0,1.25,IR,1723065354
471,modimolle,-24.7,28.4,286.33,38,1,2.26,ZA,1723065355
472,callao,-12.0667,-77.15,291.33,72,100,4.12,PE,1723065058
473,valley city,46.9233,-98.0032,292.44,94,100,6.69,US,1723065357
474,centurion,-25.8589,28.1858,286.93,53,14,0.0,ZA,1723065358
475,redwood falls,44.5394,-95.1169,292.23,94,100,2.06,US,1723065359
476,mumbwa,-14.9783,27.0619,291.11,35,2,2.29,ZM,1723065361
477,caluula,11.9661,50.7569,303.24,69,10,1.13,SO,1723065362
478,remire-montjoly,4.9167,-52.2667,303.17,74,0,4.63,GF,1723065363
479,callaway,30.153,-85.5699,308.18,63,20,7.2,US,1723065364
480,pemangkat,1.1667,108.9667,297.87,86,100,1.87,ID,1723065365
481,timmins,48.4669,-81.3331,296.05,38,75,1.03,CA,1723065324
482,opuwo,-18.0607,13.84,292.55,27,0,1.89,NA,1723065368
483,yuma,32.7253,-114.6244,313.08,35,83,7.5,US,1723065237
484,arti,56.4234,58.5328,287.73,97,50,4.29,RU,1723065370
485,noumea,-22.2763,166.4572,294.26,99,100,4.74,NC,1723065371
486,kariba,-16.5167,28.8,293.28,46,4,2.25,ZW,1723065372
487,verkhnevilyuysk,63.4453,120.3167,281.73,89,52,1.18,RU,1723065373
488,acarau,-2.8856,-40.12,299.15,77,9,8.56,BR,1723065374
489,mayahi,13.9553,7.6712,301.08,59,95,6.4,NE,1723065375
490,beira,-19.8436,34.8389,294.2,94,0,3.09,MZ,1723065377
491,puerto leguizamo,-0.1934,-74.7819,301.16,65,85,1.26,CO,1723065378
492,sambava,-14.2667,50.1667,291.83,81,0,3.89,MG,1723065379
493,villa tupac amaru,-13.7,-76.15,291.75,68,1,6.17,PE,1723065380
494,kristiansund,63.1115,7.732,289.18,89,100,2.06,NO,1723065381
495,princeville,45.7668,-61.2985,296.66,63,75,2.57,CA,1723065382
496,kuching,1.55,110.3333,298.76,94,40,1.03,MY,1723065383
497,gamba,-2.65,10.0,294.73,95,83,1.92,GA,1723065385
498,shiroishi,38.0033,140.6183,296.63,94,63,1.11,JP,1723065386
499,urgup,38.6304,34.9116,296.29,37,2,2.49,TR,1723065387
500,kongwa,-6.2,36.4167,291.31,63,7,2.3,TZ,1723065388
501,mirny,62.5353,113.9611,284.49,73,8,1.97,RU,1723065389
502,zhanibek,49.4167,46.85,296.9,48,41,1.35,KZ,1723065390
503,kaifeng,34.7911,114.3483,296.34,98,96,3.86,CN,1723065391
504,rudsar,37.1376,50.288,300.14,82,44,2.27,IR,1723065392
505,gisborne,-38.6533,178.0042,282.02,67,29,2.12,NZ,1723065394
506,zagora,30.3484,-5.8365,310.24,10,0,3.53,MA,1723065395
507,belomorsk,64.5232,34.7668,281.72,95,14,2.23,RU,1723065397
508,badagry,6.4167,2.8833,297.71,85,100,5.0,NG,1723065398
509,villa ojo de agua,-29.5,-63.6938,286.45,21,5,6.23,AR,1723065399
510,brandfort,-28.7001,26.4597,277.82,25,56,4.29,ZA,1723065400
511,ugoofaaru,5.6667,73.0,301.43,76,51,5.88,MV,1723065402
512,caleta de carquin,-11.0925,-77.6267,291.56,77,34,5.75,PE,1723065403
513,ulsteinvik,62.3432,5.8487,288.32,92,100,0.89,NO,1723065404
514,sao joao da barra,-21.6403,-41.0511,297.2,80,0,10.59,BR,1723065160
515,arafat,39.0344,44.6198,294.43,55,3,1.0,IR,1723065406
516,puerto aysen,-45.4,-72.7,279.31,90,93,1.42,CL,1723065407
517,morant bay,17.8815,-76.4093,304.94,74,100,4.41,JM,1723065408
518,muli,2.9167,73.5667,301.6,72,100,6.04,MV,1723065410
519,thinadhoo,0.5333,72.9333,301.45,75,100,2.57,MV,1723064989
520,cill airne,52.05,-9.5167,287.24,94,99,1.58,IE,1723065412
521,lexington park,38.2668,-76.4538,301.97,80,20,5.14,US,1723065142
522,borda da mata,-22.2742,-46.1653,293.73,37,0,2.16,BR,1723065414
523,murzuq,25.9155,13.9184,305.61,12,1,3.07,LY,1723065416
524,zhongxing,33.7039,118.6792,299.38,95,97,1.78,CN,1723065418
525,huanuni,-18.2667,-66.85,284.42,10,0,12.07,BO,1723065419
526,ust-nera,64.5667,143.2,284.43,89,100,1.27,RU,1723065420
527,guanica,17.9716,-66.908,304.54,67,17,4.24,PR,1723065422
528,tangalle,6.024,80.7911,298.97,88,6,4.4,LK,1723065044
529,bayramaly,37.6185,62.1671,301.01,17,0,3.91,TM,1723065424
530,cabedelo,-6.9811,-34.8339,298.52,77,38,6.45,BR,1723065425
531,kingston,17.997,-76.7936,304.68,74,20,8.23,JM,1723065427
532,bambanglipuro,-7.95,110.2833,296.31,92,27,3.09,ID,1723065428
533,sittwe,20.15,92.9,299.4,88,100,2.59,MM,1723065429
534,leava,-14.3,-178.1667,298.61,66,100,9.36,WF,1723065431
535,babu,24.4167,111.5167,299.53,81,6,1.23,CN,1723065432
536,nar'yan-mar,67.6713,53.087,278.72,90,9,3.1,RU,1723065433
537,gryfice,53.9165,15.2003,293.62,63,99,3.57,PL,1723065434
538,road town,18.4167,-64.6167,303.17,66,40,3.6,VG,1723065298
539,queenstown,-31.8976,26.8753,284.34,30,24,2.35,ZA,1723065436
540,mogadishu,2.0371,45.3438,297.75,82,89,7.26,SO,1723065371
541,dzuunharaa,48.8523,106.4579,288.54,83,100,0.67,MN,1723065439
542,copala,16.65,-98.9833,303.9,65,53,6.23,MX,1723065440
543,al jawf,29.5,38.75,302.02,13,2,2.24,SA,1723065441
544,warrenton,-28.114,24.8475,287.65,35,10,5.52,ZA,1723065442
545,taichung,24.1469,120.6839,301.85,80,40,2.57,TW,1723065072
546,tarakan,3.3,117.6333,297.87,94,100,2.16,ID,1723065444
547,novyy urengoy,66.0833,76.6333,284.19,70,100,5.57,RU,1723065446
548,hami,42.8,93.45,292.56,68,100,4.22,CN,1723065447
549,bamboo flat,11.7,92.7167,299.2,89,75,1.03,IN,1723065448
550,kazerun,29.6195,51.6541,304.81,22,8,1.62,IR,1723065449
551,banmankhi,25.8833,87.1833,299.64,91,100,2.67,IN,1723065450
552,cockburn town,21.4612,-71.1419,301.4,83,100,6.64,TC,1723065452
553,rotorua,-38.1387,176.2452,282.55,86,100,1.87,NZ,1723065454
554,fale old settlement,-9.3852,-171.2468,301.28,69,100,8.34,TK,1723065455
555,trotwood,39.7973,-84.3113,301.4,71,75,6.17,US,1723065217
556,birjand,32.8663,59.2211,297.41,10,0,3.09,IR,1723065457
557,maevatanana,-13.8831,48.5289,294.32,71,44,1.15,MG,1723065458
558,belyy yar,53.6039,91.3903,289.09,88,0,1.0,RU,1723065459
559,la bassee,50.5342,2.8062,291.47,66,99,2.99,FR,1723065460
560,basoko,1.2391,23.616,297.7,79,72,1.54,CD,1723065462
561,bomi,7.2461,-11.5258,296.64,91,100,1.68,SL,1723065463
562,ardabil,38.2498,48.2933,288.9,72,0,2.06,IR,1723065464
